,titles,category
0,엔케이맥스  내부 주가 급락 사유 없다 ,Economic
1,수원에 스타필드         의 신세계  연다,Economic
2, 년 새  조    억원 내다 버린 한국은행 이유 봤더니  강진규의    워치 ,Economic
3,    정조준  정용진의 승부수 수원에 뜬  스타필드     ,Economic
4,    만 고객 시간 점유할 것  스타필드 수원  그랜드 오픈,Economic
5,   대  저축은행 연체율에  당국  매각채널 늘리고 채무조정 활성화 ,Economic
6, 단독  이우현     회장  한미약품 원하면 언제든 대화   동남아 시장 염두,Economic
7, 어음 발행 임금체불  태영 하도급   개 현장서 직간접 피해,Economic
8,땅값 상승률   년 이후 최저    반도체 호재  용인 처인구 만 급등,Economic
9,저축은행 개인사업자 연체채권  캠코    투자사에도 매각한다,Economic
10,저축은행 연체채권 캠코로 매각 가능 저축은행 한숨돌리나,Economic
11,땅에서 썩고  불타고 작년 폐기화폐  롯데타워    배 높이 ,Economic
12, 단독 이우현     회장  한미약품과    는 통합 아닌 협력 모델 ,Economic
13, 최적의 입지  시흥시청역 여의도 판교 마곡 연결하는 트리플 역세권,Economic
14,증권사     만난 이복현     리스크 관리 실패시 책임 묻겠다  종합 ,Economic
15,중국선 아이폰 사랑 식고 전 세계선  중고폰  강세,Economic
16,현대차그룹 내 존재감 약해지는 현대제철 서강현 미션은 ,Economic
17,챗   의 러브콜      수율     삼성  투자 ,Economic
18, 신년 기획  축구장    개 크기 초대형 합작조선소        완공땐     척 선박 생산,Economic
19,한국이 뿌린 제조업 씨앗  사우디  흥분 감출 수 없어   한 중동  석유없는 미래  준비한다 ,Economic
20, 신년기획 사막 위에 강철 기자재 공장  한국  중동 탈석유 기반 다진다,Economic
21,한국이 뿌린 제조업 씨앗  사우디  흥분 감출 수 없어   한 중동  석유없는 미래  준비한다 ,Economic
22, 일 남은 중처법  국회  끝내 손놓나,Economic
23,공급 가뭄에 신축 이전 수요 탄탄  공주월송지구 경남아너스빌  이목 집중,Economic
24,홍해 긴장에  중동 에너지  로 운반  하루 운임      급등,Economic
25,토스뱅크 외화통장  출시  일 만에    만좌  돌파,Economic
26,태영    사업장에     억원 추가투입  암초   숨겨진 부실 드러날까,Economic
27,증권사 수장들 만난 이복현 금감원장  부실   사업장 신속 과감한 정리를 ,Economic
28, 단독  신협  또 조합 돈  천만 원  꿀꺽 ,Economic
29, 급전창구  부담 커지네 보험사 신용대출 금리도  껑충 ,Economic
30,정부  중대재해법 유예 거듭 요청  기업들 준비 기회 달라  종합 ,Economic
31,조선  빅  는 이제 옛말    한국조선해양  연초부터 수주 독주,Economic
32,미 영 예멘 공습 이후 중동 아시아 연료 운송비      폭증,Economic
33,현대건설     년 영업이익     억원 전년         ,Economic
34,   에 영화기금 부과금 검토   재검토 지시에 협의  난망  종합 ,Economic
35,내일부터 청년희망적금 청년도약계좌 연계가입 신청 개시,Economic
36,영세기업 곡소리 전면화 앞둔 중처법  막판 유예 촉구,Economic
37,비수도권 청약경쟁률         단지 공통점  직주근접 ,Economic
38,이벤트 부재 속 금리 인하 재평가 구간 지속 채권분석 ,Economic
39,내일부터  청년도약계좌  연계가입 시작  일시납입 가능 ,Economic
40,정말  부양책  나올까 홍콩증시 연이틀 급등세      오전 ,Economic
41, 감세  또 감세 에   재정 악화할 뿐    성장 위해 필수  논란,Economic
42, 올라도 너무 올라  올해 설 비용  역대 최고  전통시장   만원,Economic
43, 실적 악화 호화 의전  위기의 포스코  오늘 차기 회장후보 쇼트리스트 확정,Economic
44, 고물가  끝날까   년 후 물가전망   개월 만에 최저,Economic
45, 평생 수수료 무료  토스뱅크 외화통장  출시  일 만   만 좌 돌파,Economic
46, 별 보러 가자   아    들  괴롭힘 성희롱 난무 삼바 고용부 적발,Economic
47,금융위  내일부터  청년도약계좌  연계 가입 신청 개시,Economic
48,코스피  외인 기관  팔자  속 하락세 실적 발표 앞 경계감,Economic
49,경영 불확실성에 대기업들 잇달아 사장단 회의 개최,Economic
50,제일건설   제일풍경채 검단  차  전 타입   대  로  순위 마감,Economic
51, 짝퉁 명품  당장 버리세요  발암물질 최대    배 검출 ,Economic
52,올트먼 만나는 경계현 사장    발 근본적 변화 삼성 반도체로 충족 ,Economic
53,온라인 자동차 판매 시작한 아마존 성공  실패 ,Economic
54, 값 역대 최고  더 오른다  금테크 잘하려면,Economic
55,카카오  추모 프로필  기능 강화 카톡에 마지막 편지 남긴다,Economic
56, 마켓인  노선 강화  에어프레미아   파트너스  자금 투입 카드 만지작,Economic
57,코스피  외인 기관  팔자 에 하락 대형   반도체주  와르르 ,Economic
58,김주현 이복현  증권사 역할 강조     부실    에 책임 묻겠다 ,Economic
59, 사채라도 써야할 판   금융권 대출  빙하기 ,Economic
60, 년만에 풀체인지   클래스   벤츠       딱 기다려  ,Economic
61,강인한 앞모습  단단한 승차감에 끌리다  김성우의 시승기 기아 더 뉴 쏘렌토 ,Economic
62,마트 단팥빵  앙금 비중 알아봤더니 최강자는   푸드    ,Economic
63,소액대출에 미래 저당잡힌 청년들  이슈 뷰 ,Economic
64,이수만이    판 돈으로 산 파블로항공 상장앞두고 소송잡음,Economic
65, 대한민국 국민이 한번 이상 방문한 이 곳은  ,Economic
66,수술 회복     기 체제  맞는 삼성 준감위 과제는,Economic
67,김주현 이복현  증권사 영업행태 질타     리스크 챙겨라 ,Economic
68,암표 없앤다 장범준 공연에     티켓 등장,Economic
69,강북 재개발 대어급  이문 구역   월 관리처분 눈앞,Economic
70,강남불패마저 깨졌다   하락 거래 속출,Economic
71,첫 단추부터 잘못 끼워진 사전청약  박일한의   피아 ,Economic
72,  억 트리마제   억     만원 에 매입한 김지훈  비결은,Economic
73,친구에게 가장 많이 주는 선물은 화장품 직장동료 연인에게는 ,Economic
74, 낙폭 과다  삼성전자 순매수  위  주식 초고수는 지금 ,Economic
75,시급    만원  겨울잠 알바 에  만명 몰렸다,Economic
76,공정위  플랫폼법 역차별 우려는 가짜뉴스   제정 못하면  역사의 죄인  ,Economic
77,  엔비디아  모색하는 오픈   올트먼 삼성   와   반도체 손잡나,Economic
78,농협중앙회장 선거      직선제   강 각축전,Economic
79,  엔비디아  모색하는 오픈   올트먼 삼성   와   반도체 손잡나,Economic
80,농협중앙회장 선거      직선제   강 각축전,Economic
81,카카오   추모 프로필  기능 강화 카톡으로 마지막 편지 남긴다,Economic
82, 술 아껴 마셔야 하나  마트서 맥주      올랐는데 식당서는             이후 최고,Economic
83,  년 만에 외국인 전용 카지노 인천 인스파이어에 문 연다,Economic
84,  디스플레이   분기만에 흑자 전환,Economic
85,이복현 금감원장  증권사  리스크 관리의 기본을 잊지 말아야 ,Economic
86,  초에   개 팔렸다  신라면 지난해 매출    조  사상 최대 ,Economic
87,롯데월드타워 몰 방문객 지난해     만명 역대 최다,Economic
88,상장 앞둔 케이웨더   공기지능 환기청정기  아파트 만세대 규모 수주  투자    ,Economic
89, 이승원의 기후             트럼프가 온다  지구는 두렵다 ,Economic
90,이복현     리스크 관리 실패 책임 엄중히 묻겠다  연일 압박,Economic
91, 준비 기회 달라  중대재해법 유예 호소 나선 장관들,Economic
92, 중처법      오영주  범법자 양산 가능성  김기문  극적 합의 기대 ,Economic
93,셀트리온      신약개발 속도 낸다,Economic
94, 초호화 이사회 로 수사 대상된 포스코 후추위   내 갈길 간다    일 숏리스트 확정,Economic
95,     초과  중대형 경쟁률   대  전년     배 올라,Economic
96,태영건설 워크아웃 여파  하청업체 현장     직간접 피해 발생,Economic
97,부양 기대감 먹혔나  중국 증시 상승세  지수   대 ,Economic
98, 아이폰 고마워  엘지디스플레이   분기 만에 흑자전환,Economic
99,코스닥  외국인 기간 매도 속 약세    선 턱걸이,Economic
100,     세종역 신설은 균형발전 저해  충북 이어 충남서도 비판,Economic
101,김주현 이복현  금투업계  증시 저평가 해소 신뢰 회복 위해 노력해야  종합 ,Economic
102,테슬라보다    가 먼저  키       인간형 로봇  공장 투입,Economic
103, 헤럴드광장  반복되는 부동산    부실  무엇이 문제일까 ,Economic
104, 셀아시아  찬바람에 환율 고공행진,Economic
105,열에 아홉은 뉴욕장   해외주식  미국 편식  역대 최대  글로벌 머니 무브 ,Economic
106,  대선 트럼프 우세 삼성   하닉 달갑지 않은 이유는 ,Economic
107,     일 만에 또 도발   서해 순항미사일 여러 발 발사  권영훈의 증시뉴스      ,Economic
108, 제주도  만원 일본  만원  할인 항공권 쏟아진다,Economic
109,나주혁신도시 오피스텔    채로 갭투자 전세 사기,Economic
110,카타르 도하서 선보인 한국정원 인기 현지인 관광객 탄성,Economic
111,이차전지주 올들어 시총     증발,Economic
112,대한항공 아시아나 합병 윤곽  산은  일석이조  기대감,Economic
113, 못 갚으면 주변에 공개  청년 옥죄는     사채업자들  미래를 저당잡힌 청년들  상  ,Economic
114, 년 만에 늘어난 채무불이행자   대 청년 가파른 상승세 뚜렷  미래를 저당잡힌 청년들  상  ,Economic
115,거꾸로 가는 카드론 금리   은행 대출금리 하락에도 역행하는 까닭,Economic
116,금융당국  증권사 사장단 향해 엄중 경고  리스크 관리 실패      책임 ,Economic
117,농심  신라면   지난해 매출  조     억원 기록,Economic
118,거꾸로 가는 카드론 금리   은행 대출금리 하락에도 역행하는 까닭,Economic
119,금융당국  증권사 사장단 향해 엄중 경고  리스크 관리 실패      책임 ,Economic
120,   년 기술 노하우  현대위아  등속 조인트 해외 수주  잭팟 ,Economic
121, 임차인 보호  근본 대책은 정보 비대칭 문제 해결 ,Economic
122, 워크아웃  태영 하도급 피해 현실화 현장   곳서 직간접 피해,Economic
123, 구글    네이버 카카오 배민  독점   플랫폼법 놓치면 역사의 죄인 ,Economic
124, 부채 덩어리  한전  임직원에 삥 뜯어 퇴직위로금 마련    그럼에도 올해    명 채용  강홍민의 끝까지 간다 ,Economic
125,      만       급 컨테이너선      가닛호  명명식 개최,Economic
126,키움운용         글로벌  반도체      연초 수익률  위,Economic
127, 반도체의 힘    용인 처인구 땅값 상승률  위,Economic
128,오징어게임 최후의  인 돼 볼까  넷플릭스 출연 기회도,Economic
129,    초대형 컨테이너선  가닛호  명명식  남산타워보다 높다 ,Economic
130,허경영도  문어발 경영   불로유 논란에도 음료 주류사업 나선다,Economic
131,한파 뚫는 내집마련 열기   영통역자이 프라시엘    일 당첨자 계약 돌입,Economic
132,공정위  플랫폼법 합의  오래 안 걸릴 것 일각서 법안 오해 ,Economic
133,주인 바뀐 남양유업 홍원식 회장 지우기  사명 변경  가능성은    초점 ,Economic
134,해외서도 통한 불나게 매운 맛    불닭 신화 로 매출  조 클럽 눈 앞 지구촌 식탁 파고드는  푸드 ,Economic
135,     만 천   급 컨테이너선  가닛호  명명식 내달  항로 투입,Economic
136,짜장면 값도  배 가까이 뛰었는데 작년 전국 땅값   년 만에 최저 변동률  부동산    ,Economic
137, 년 만에 늘어난 채무불이행자   대 청년 가파른 상승세 뚜렷  미래를 저당잡힌 청년들  상  ,Economic
138, 빙하기 지속  글로벌 벤처투자 작년 투자규모도 건수도  최저치 ,Economic
139,삼성     최적화     출시  낸드의 봄  앞당긴다,Economic
140,약물 취해 인도 돌진  압구정 롤스로이스    대   심 징역   년,Economic
141,찜질방 목욕탕 요금        올라 목욕료 외환위기후 최대 상승,Economic
142,경기 분양가  년새   억  껑충  너무 비싸  그래도 인기 단지엔 몰렸다,Economic
143,  시간 잠만 자면    만원 드려요     만명 몰린  꿀알바 의 정체,Economic
144,로이터  이코노미스트         월에 미 금리 인하 시작 ,Economic
145,컬리까지     재추진 가능성  올해  조 단위  상장사 쏟아지나,Economic
146,이마트  오렌지 한라봉 딸기 최대     싸게 판매,Economic
147, 아파트 사면 와이프 공짜로 드림   폭망  위기  회사 엽기광고,Economic
148,청년도약계좌 중도 해지해도      이자 받는다,Economic
149,새해 치고 올라가는   반도체        수익률     넘어,Economic
150, 주가동향  포스코인터내셔널  첫 영업익  조 돌파 소식에    강세,Economic
151,포스코홀딩스   년 만에 역성장 매출   조 꿈  내년에나 ,Economic
152,여야 원내대표 찾은 김기문  중대재해법 유예 극적 통과되길 ,Economic
153, 주일간     오른 게임 대장주 크래프톤 상승세 이어질까,Economic
154,비트코인  만    달러 붕괴 투자자      몇년 내 사라질것 ,Economic
155, 분양가상한제  단지만 인기  제일풍경채 검단 차      대  ,Economic
156,설 차례상 비용 전통시장   만원 대형마트   만원  역대 최고 ,Economic
157, 후쿠시마 오염수 때문에       중국서         매출     급감,Economic
158, 금융권 대출도  한파  새마을금고 여신 최대 폭 감소,Economic
159,보령 당뇨약  트루다파  제품군  후발약 시장 처방실적  위 기록,Economic
160,이복현  부동산    리스크 관리 실패한 증권사에 책임 묻겠다 ,Economic
161, 갈아탈 만하네  주담대 환승에 이자     만원  뚝 ,Economic
162, 신난 일학개미들    반도체     역대급 랠리,Economic
163, 이코노미스트         월에 미 금리 인하 시작 ,Economic
164,올해 첫 공모주 우진엔텍  코스닥 입성 첫날  따따블 ,Economic
165, 운전하다 속 터졌는데  진작 좀 해주지  벤츠 차주들  술렁 ,Economic
166, 오뚜기  세  함연지 공식 등판    식품전시회서 목격,Economic
167,연료비 급등에 찜질방 목욕탕 이용료      ,Economic
168,엔데믹에 날개 달은      올해는 장거리 노선으로 ,Economic
169,샌드위치 먹으면 갤    준다고   행운의 망곰이 잡아라 ,Economic
170,사과  개에  만    원 설 차례상 비용 역대 최고,Economic
171,아시아 경기 부진에 뛰는 환율 중국에 발목 잡힌 경제,Economic
172,  디스플레이 유상증자  차 발행가액  만  원,Economic
173, 한국형 뉴 스페이스  가동 한화시스템 소형     위성 우주로,Economic
174,금감원장     리스크 관리 실패  경영진 엄중 책임 물을 것 ,Economic
175,   만원대 고가 홍삼   부촌  평창동 한남동에서 인기,Economic
176, 단독  코스알엑스 인수 효과  아모레  모건스탠리    소비주 탑픽 ,Economic
177,김주현  기업가치 개선 주문  기업밸류업 프로그램 도입 ,Economic
178,급락 멈춘 비트코인 매물폭탄은 아직 남아있다  매일코인 ,Economic
179,암표에 취소됐던 장범준 공연  꼼수 원천차단  티켓으로 다시 연다,Economic
180,원자재 투자     그 중에서도 현물로 모이는 까닭은,Economic
181, 영하   도 한파에도 대기줄   아침빵  점심도 저녁도  베이글 ,Economic
182,올 것이 왔다  워크아웃 태영    개 하도급에 대금 미지급 등 피해,Economic
183,토스뱅크 외화통장   만좌 돌파   초에  명씩 가입 ,Economic
184,위험 눈감은 새마을금고 경영진들 남들 멈출 때   대출 역주행  패착 ,Economic
185,코리아 프리미엄 지수 만든다 기업가치 높은 밸류업기업에 집중 투자,Economic
186,시중은행 경영 효율성 살펴보니 하나      우리  저조 ,Economic
187,부산 북항재개발지 내 이순신대로   일 개통,Economic
188,비트코인      이상  폭락  현물     승인에도 연일 하락세  왜 ,Economic
189,한미약품 전략  기술수출 자체 상용화로 바뀔까,Economic
190, 홍수 위험 도로입니다    내비게이션이 침수사고 위험 지점 안내,Economic
191,맥 목추는  차전지주  에코프로  형제  장초반 급락 핫종목 ,Economic
192,그레이스케일 매도세에 하락세 탄 비트코인   만달러선 반납 코인브리핑 ,Economic
193, 급락 급등 급락  롤러코스터 탄  한동훈 테마주  핫종목 ,Economic
194,차례상 비용 역대 최고치 전통시장   만원 대형마트   만원,Economic
195,셀트리온    우시   와 항체 약물접합체 신약 개발 협약,Economic
196,하나증권  제이스텍  인도향  조원대 대규모 수주기대  저평가 매력  ,Economic
197,증권사     만난 금융당국 수장들     리스크 관리 실패시 엄중 책임 ,Economic
198,  초에  명 씩 가입 토스뱅크 외화통장    만좌 돌파,Economic
199,과기정통부   전국민    일상화  선언     매주  곳 이상 방문 ,Economic
200,철강시황 부진 탓에 포스코홀딩스 작년 영업익  조 천억원 전년 대비    감소,Economic
201, 단독  다단계 의심 업체에 결제 시스템  구멍  뚫린 토스,Economic
202,노동 중기 국토장관  중대재해법 유예안 통과 촉구  오늘이 마지막 기회 ,Economic
203, 주가동향  이베스트증권     억 규모 자사주 매입에    상승,Economic
204,고가 법인차   연두색 번호판  달아야 손금 처리 해준다,Economic
205, 주가동향  현대건설  증권가 목표가 줄하향 속   대 약세,Economic
206,이복현 증권사    에     리스크 관리 실패 시 책임하게 엄중히 묻겠다 ,Economic
207,미국 대선 경합주 절반 실업률    이상  년 만에 최고,Economic
208,  인 미만 중대재해법     김기문 중기회장  여야 만나 유예 호소,Economic
209, 쫌아는기자들  시마크로  제조업의 영화 같은 변화를 만들어 낼  디지털 트윈 솔루션,Economic
210,채용 봇물 터지던  이 업계    최근 인력감축에 한숨 푹,Economic
211,중처법    인 미만  확대 시행     정부의  마지막 호소 ,Economic
212,고용장관  중처법 확대     만 일자리 피해  산안청 신설은 거부,Economic
213,토스뱅크  무료환전  외화통장  일 만에   만좌 돌파,Economic
214,농심 신라면    푸드 열풍 에  년 연속 매출  조 달성   사상 최대 실적 ,Economic
215, 단독  류진  한경협에      에코프로  첫 합류 외연 확장 시동,Economic
216,  초에   개씩 팔린다  신라면   년 연속 매출  조원 돌파,Economic
217, 깜짝 실적  거둔 넷플릭스  라이브 스트리밍으로 발 넓힌다 종합 ,Economic
218,지난해     만명이 찾은 롯데월드타워 몰    개장이래 최대 수치 ,Economic
219, 종목이슈  일동제약  상향된    실적 예상치와 경구용       가치 주목,Economic
220, 실패하면 책임 묻겠다  증권사 사장들 다그친 이복현  금융당국 포커스 ,Economic
221,삼성전자  소비자용               출시 낸드 부활 앞당긴다,Economic
222,도요타 시가총액  기업 중 사상 최대,Economic
223,카카오    수사 넓히는 당국 원아시아  명 검찰 송치,Economic
224,넷플릭스   분기 구독자 수  억    만명 전분기      만명 ,Economic
225, 옷 좀 새로 사   이게 트렌드야  낡고 구멍 난 옷 사는 사람들,Economic
226,     직장인  출퇴근 스트레스 해법은  자율출퇴근제 ,Economic
227, 보험 상담은 역시 사람이    보험비교 추천서비스  등장했지만 설계사들 느긋한 이유,Economic
228,값싼 나트륨이온배터리      제치나      년엔 시장 규모   조 ,Economic
229,코스피  기관 외국인 매도 공세에 장중 약세,Economic
230,  대 직원 극단선택 그 회사  빡대가리들  막말 성희롱이 일상이었다,Economic
231, 외국인 전용 카지노  인천에 들어선다  정부    년 만에  인스파이어 에 신규 허가,Economic
232,마윈 차이충신  알리바바 주식 매입 나서 주가 구원투수로,Economic
233,중처법 전면 시행     정부  영세 사업장 준비 기회 달라 ,Economic
234,셀트리온  중국 우시   와     신약 개발 협력,Economic
235, 그 때 팔았어야        승인 후 비트코인     이상 급락,Economic
236,미신고 계좌로 주식투자한 금감원 거래소 직원   무더기 과태료 처분,Economic
237,김해공항 신규 면세점 입찰  흥행 저조   설명회에 단  곳 참여  언박싱 ,Economic
238,김주현 이복현  증권사 책임 역할 강조  강도 높은 자정 노력 필요 ,Economic
239, 중대재해법 확대 시행시 동네 빵집도 적용대상 ,Economic
240,키움운용   반도체     올 수익률  위,Economic
241,이차전지  날개 없는 추락  올 들어 시총     증발  투자    ,Economic
242, 금딸기 대신 이거  비싼 과일 값에  인기 폭발  반전 제품,Economic
243, 푸바오 이젠 안녕   살 푸바오  월 초 중국 귀환,Economic
244,  증시 부양책 나와도  투자자  회의적  근본적 해법 요구 ,Economic
245,한국서  시간 머무는 올트먼 최태원 경계현과 숨가쁜 일정,Economic
246,청약증거금  조 천억 끌어모았던 이 종목 상장 첫날 따따블 직행,Economic
247,나트륨이온배터리      배터리 제치고  중저가 대세  될까    리서치      년 시장 규모   조원 육박 ,Economic
248,세계가 매운 맛 봤다 작년에만  천억원  깜짝 ,Economic
249,비트코인      만원 회복 레이어 코인  형제는     급등,Economic
250,검단 교통 호재 수혜  검단신도시 넥스티엘 복합문화상업시설  공급,Economic
251,단통법 폐지 추진하지만 갤    등 휴대폰 가격 인하까지는  첩첩산중 ,Economic
252, 겨울잠 자면    만원 드려요  꿀알바 모집에  만명 몰렸다,Economic
253,증권사     만난 이복현     리스크 관리 실패시 엄중한 책임 ,Economic
254,박상우 장관  임기내 재건축 패러다임 새로 짜겠다 ,Economic
255, 그 때 팔았어야        승인 후 비트코인     이상 급락,Economic
256, 나트륨이온 배터리      년    보다 최대     저렴해질 것 ,Economic
257,거래소  코리아 프리미엄 지수  만든다  투자    ,Economic
258,이복현  증권사 직원 사익추구  단호히 대응해야  전문 ,Economic
259,          그룹 합류한 이베스트투자증권  자사주 취득에 강세,Economic
260,광주 전남 건설업계 위기 확산  곳 또 법정관리,Economic
261,여야 원내대표 만난 김기문  중대재해법 유예해야  호소,Economic
262,이복현  리스크 관리 실패  증권사 경영진에 책임 묻겠다 ,Economic
263,김주현  금투세 폐지  지배구조 개선해 국민 자산형성 지원 ,Economic
264,김주현 이복현 간담회     부실 증권사     책임 묻겠다 ,Economic
265,금융당국 수장들  증권사  단기 수익에 매몰되지 말아야 ,Economic
266,  년 전 쓰레기 종량제 도입이 다시 봐도 신기한 이유 딥다이브 ,Economic
267,상사 최초   조 클럽  등극 포스코인터내셔널    대 ,Economic
268, 증권채만 비켜간 연초효과     중소형 증권사는 건설사 취급,Economic
269,푸드 브랜드  이그니스   코스닥 상장 추진  시그널 ,Economic
270,이복현  증권사    에  리스크관리  직접 챙겨달라  주문,Economic
271,이복현의 경고   부동산   리스크 증권사    가 직접 챙겨라 ,Economic
272,김주현  증시 저평가 해소 위해선 기업 스스로 해결할 과제 상당수 ,Economic
273, 르포   공실률      핫 한 기업 몰리는 성수동  불황  잊었다,Economic
274,   억  성수 트리마제  억 천에 산 김지훈    인생 최고의 투자 ,Economic
275,서울 한 뼘  마포구 덕은동  덕은지구 오피스 시장  재조명 ,Economic
276,계속되는 분양가 상승  금융혜택 제공으로 부담 없는 새 아파트 눈길,Economic
277,소프트웨어업체      직원  천명  퇴직 재교육  구조조정,Economic
278,직접 검증하는 준공 후 분양단지  에스아이팰리스 올림픽공원  관심,Economic
279,      개 분기 만에  적자 탈출        중심으로 수익성 강화 ,Economic
280,미 훈풍 무색한 국내 반도체주 삼성전자 장초반    급락 핫종목 ,Economic
281, 한국서 코인 좀 대신 사줘  미국인이 부탁했다  한경 코알라 ,Economic
282,    당  억 훌쩍  포제스 한강    일  순위 청약,Economic
283,  디스플레이   분기만의 흑자 전환에도 주가 혼조세,Economic
284, 호주는 아침  시부터  대형마트 영업시간 조정  가능할까  언박싱 ,Economic
285,열에 아홉은 뉴욕장 해외 주식    편식 비중  역대 최대  왜   투자    ,Economic
286,시몬스 침대  시급    만 원  겨울잠 알바 에  만명 몰렸다,Economic
287,농심신라면  작년매출  조 천억원  사상최대  해외가 절반 넘어,Economic
288, 공모주 단골 청약 매매 보고 누락  금감원 거래소 직원 무더기 제재,Economic
289,토스뱅크  외화통장 불티   환전수수료 무료 앞세워  일 만에   만좌 돌파 ,Economic
290,   증시 최대     폭락 가능성    조심해야 할  가지 리스크,Economic
291, 명품  귀걸이인 줄 알았더니 발암 물질    배 검출,Economic
292,대한항공 아시아나 합병 윤곽  산은  일석이조  기대감  투자    ,Economic
293,경기  국평  분양가  년새  억 뛰었다 광주는     상승 집슐랭 ,Economic
294,  온 적자 지속에   이노 기업가치 뚝,Economic
295,골드만삭스   증시 외국인투자금     억  유출될수도 ,Economic
296,중화권 시가총액   년간   천조원 증발  영국      배,Economic
297,코스피  외인 기관  팔자  속 하락세      대 종합 ,Economic
298,     피엠티와 낸드     프로브 카드 마스크리스 공정 장비 계약,Economic
299, 뺏느냐 뺏기느냐  김포공항 출국장 면세점서 롯데 신라  격돌 ,Economic
300,대세는   반도체    글로벌  반도체      연초 이후 수익률  위  투자    ,Economic
301,피부에 직접 닿는데   샤넬 디올 구찌  짝퉁 귀걸이 에 발암물질이 ,Economic
302,   만화 웹툰  진흥 계획 발표에 웹툰 관련  급등 핫종목 ,Economic
303,한파에 생각나는 찜질방 목욕탕 요금     뛰었다   왜 그런가 보니,Economic
304,엔씨소프트 목표가 후려친 키움 리폿  전략 다 바꿔라 ,Economic
305, 나트륨이온배터리     와 경쟁     년 시장 규모   조 ,Economic
306,   년만 최대 영업익  대한전선     대  상승 ,Economic
307,지난해 롯데월드타워 몰     만 명이 찾았다  역대 최다 ,Economic
308, 기계공학 기술력 통했다  현대위아  등속조인트 글로벌 수주  껑충 ,Economic
309,작년  주택임대기업 주택 구매     급감  올해도 침체 ,Economic
310, 겨울잠 자면 시급 지급  시몬스  겨울잠 알바 경쟁률  만대  ,Economic
311, 병원 함부로 가면 안 되겠네  보험료  껑충  대비책은  하우머니 ,Economic
312,벼랑끝 건설사 올들어서도   곳 법정관리  분양보증 사고도 급증,Economic
313, 올레드에만     투입    디스플레이  유상증자로 경쟁력 강화,Economic
314, 친절한 경제  미중 무역갈등 여파    조 원짜리 공장 에도 ,Economic
315,  년 만에 외국인 전용 카지노 국내에 문 연다,Economic
316,    반도체가 대세  키움  글로벌  반도체      올 수익률  위,Economic
317,전 구간 착공 앞둔  동탄인덕원선  수혜 분양 단지 어디 ,Economic
318,전세계서  초에   개씩 팔린 한국 제품 사상 최대 매출 쓴  신라면 ,Economic
319,개인이  년간 가장 많이 순매수한 원자재    는  한투운용     금현물     ,Economic
320,메디톡스   뉴라덤 코어타임 앰플  홈쇼핑  사 완판,Economic
321,토스뱅크 외화통장  출시  일 만에   만좌 돌파   대가 가장 많아,Economic
322,꽁꽁 언 하늘 길  항공    편 결항 수도계량기 동파도 잇달아,Economic
323,비트코인 비관론 확산   투자자 셋 중 하나   만달러 아래 추락 ,Economic
324,전기차 수요 둔화에 포스코퓨처엠 작년 영업익       ,Economic
325, 이 정도면 거래절벽  내 집 마련도 이사도 올스톱  매매 전세거래  뚝 ,Economic
326,경기  분양가  년새  억원 올랐다,Economic
327,내일 실적발표   하이닉스  년만에 흑자전환땐  증시도 살아날까,Economic
328,수억 달러 쏟아부었지만 애플카  출시 지연에 성능도 하향,Economic
329,눈구름 약해져 적설량 하향 내륙 최대    제주 울릉도    ,Economic
330,현대위아  작년 등속조인트  조원 수주 비결은 고효율 저진동,Economic
331,뷔 유광굉 만나는 컴포즈커피 유튜브 광고 조회수 하루 만에    만 돌파,Economic
332,교보 신한                보험사  신용대출금리 고공행진,Economic
333,지난해 롯데월드타워 몰     만명 찾았다 인기 비결은,Economic
334,현대카드  가수 장범준과      티켓 으로 암표없는 공연 개최,Economic
335, 넷플릭스 가입자    억명 돌파      콘텐츠  랠리,Economic
336,     채권도 잘 팔리는데          안간힘 끝에 완판,Economic
337, 이제    도    로 굴린다               액티브      일반공모형 유입세 앞질러  투자    ,Economic
338,세종시 시내버스 공영자전거 이용객 급증 코로나 이전 수준 회복,Economic
339,기재부 차관   월 말     공시기준 초안 공개 산업계 의견 충분히 수렴 ,Economic
340,문체부  인천 인스파이어  외국인 카지노  허가,Economic
341,이베스트      억 자사주 취득  주가는 급등,Economic
342,경기도  국민평형  분양가  년새  억원 가까이 올라,Economic
343, 온디바이스   시장 성장 수혜  코세스  증권가 낙관에 주가 급등,Economic
344, 이 시각 딜링룸  주요국 통화정책  동결  전망 환율 변동성 주의보,Economic
345,  분기만에 흑자 전환  주가는 무덤덤,Economic
346, 단독  트롯돌 이찬원   구전녹용   대 모델 됐다,Economic
347,대신밸런스제  호스팩  코스닥 상장 첫날       급등 ,Economic
348,서민 대출  빙하기     새마을금고 여신  외환위기 이후 첫 감소 ,Economic
349,고성능에 합리적 가격까지 갖춘     삼성전자      에보 출시,Economic
350,코스피  외인 기관  팔자 에 하락 출발     선 하회,Economic
351,출생아     명  서울    아기 낳으면 성인까지  억원 지원 ,Economic
352,  억 트리마제    년전  억    만원에 샀다 김지훈의  인생 재테크 ,Economic
353,수백억대 자사주 매입  잇따르는 호재에 이베스트증권     ,Economic
354,미래에셋증권  외화채  억달러 발행 성공   올해 증권사 외화채 물꼬,Economic
355,사과  개에  만  천 원 설 차례상 비용  역대 최고 ,Economic
356,     토요 사장단 회의  부활  거문고 줄 고쳐 맨다 ,Economic
357, 주가동향  올해  첫      우진엔텍  상장 첫날 장 초반  따따블  달성,Economic
358,    개발 속도 내는 셀트리온   우시와 협업 강화,Economic
359, 고사직전  온투업권 기관투자 허용  개인투자한도도  천만원까지 확대,Economic
360,삼성전자  소비자용     신제품 출시,Economic
361,시총상위주  일제히 하락 삼성전자   하이닉스   대 ,Economic
362,토니모리  영업이익 흑자 전환 예상   해외 매출  유안타증권,Economic
363,셀트리온  우시와 협업해     신약 개발 가속화,Economic
364, 현대건설  해외공사 마진 점차 상승  한투,Economic
365,코츠테크놀로지  원익피앤이와 발전소용 콘트롤러 개발 박차  민수사업 확대 ,Economic
366, 직원이 총기부품 수백억원 불법수출 혐의     모티브  엄중 처벌 필요 ,Economic
367, 넷마블   분기 실적 기대 밑돌듯 투자의견  중립  하향 ,Economic
368,설 대목 앞두고 한우고기값 급락 한우협회   정부 나서달라 ,Economic
369, 이러다 중소기업 다 죽습니다  김기문 하소연에 홍익표가 한 말,Economic
370, 겨울왕국  날씨에 결항 동파 속출,Economic
371,송도지구 초대형 단지  송도자이풍경채 그라노블  이달 분양,Economic
372,금리인하 기대에 주목받는 금      금현물      개인순매수  위,Economic
373,넷플릭스  작년  분기 신규 가입자 급증     프로레슬링 독점 중계권 확보,Economic
374,  월 금리동결 전망에  강달러  환율  장중     원 부근까지 상승,Economic
375, 다 올랐네   역대 최고 라는 올해 설  인가족 차례상 비용,Economic
376, 쿠팡 네이버 멤버십 공짜  케이뱅크 생활통장  인기 폭발 ,Economic
377,다날   배터리카드 자동충전하고 용돈 받아가세요 ,Economic
378,건정연  부동산    위기로 전문건설업체 피해 확산 우려 ,Economic
379,현대카드  가수 장범준과      티켓 으로 암표 없는 공연 만든다,Economic
380,다날   다날 배터리 카드  자동충전 오픈,Economic
381,     올해가 우주항공 투자 원년   트렌드 주목해야 ,Economic
382, 기대 가  실망 으로 현물     승인 후 비트코인     이상 급락,Economic
383,점심값에 이어 목욕탕 이용료도  만원 시대,Economic
384,고금리  미분양 우려에 무너지는 지역건설사,Economic
385, 원자력 발전  우진엔텍  상장 첫날 날았다 올해 첫  따따블  핫종목 ,Economic
386, 하이트진로  출고가 인상 긍정적  분기 호실적 전망  한국,Economic
387,올해 첫 공모주 우진엔텍  코스닥 상장 첫날  따따블 ,Economic
388,현대건설  지난해 영업이익     억원 전년        ,Economic
389,하이비젼시스템    억 규모 자사주 취득 신탁계약,Economic
390,넷플릭스 가입자 급증 국내 영상 콘텐츠주 강세,Economic
391,셀트리온    우시   와     역량 강화   개 신약 개발 순항 ,Economic
392,  운용   미국나스닥         순자산     억 돌파,Economic
393,건설업계 불황 어디까지 올해 벌써 건설사   곳 법정관리 신청,Economic
394, 탈 메리츠  나선 롯데건설  시중은행과    조 펀드 조성 임박,Economic
395, 태영  부동산    위기 따른 하도급 업체 보호 시급 ,Economic
396, 크래프톤  올해 감익 리스크에도 신작 흥행 가능성  목표가  ,Economic
397,경기 국민평형 아파트 분양가   년 새  억 올라,Economic
398, 속보  한국 등   개국  미 영 후티 추가공습 지지 성명,Economic
399, 종합   분기 만에 흑자 전환              경쟁력 강화 ,Economic
400,하이퍼 럭셔리 아파트  포제스 한강        순위 청약,Economic
401,코스피  실적시즌 경계감에 하락 출발 외국인 기관  팔자 ,Economic
402, 정류장앞 역세권       가치 선점해볼까,Economic
403,  디스플레이  작년  분기 영업익     억,Economic
404,  편한세상 용인역 플랫폼시티  단지 내 상가   월   일 입찰,Economic
405, 애플 전기차 출시      년에나 가능 ,Economic
406,삼성전자     신제품           출시 성능 가격 다 잡았다,Economic
407,설 차례상 비용  또 역대 최고치 전통시장  비교적 저렴 ,Economic
408, 잠만 자도    만원  시몬스  꿀알바  모집에  만명 몰려,Economic
409,원 달러 환율  미국 국채금리 상승에 오름세      원대 후반,Economic
410, 유동원의 투자전략    년전 아베의 유산 천장 뚫은  증시  왜 잘 나가나,Economic
411, 잠만 자도    만원  시몬스  꿀알바  모집에  만명 몰려,Economic
412,원 달러 환율  미국 국채금리 상승에 오름세      원대 후반,Economic
413,오늘의집   청소 설거지 빨래 가전 거래액 급성장 ,Economic
414,코스닥  개인 순매수 속 강보합세 출발,Economic
415, 해외 소송 비용 발생 등으로  분기 하회  현대건설 목표가 ,Economic
416, 평생 무료 환전  토스뱅크 외화통장 출시  일 만에   만좌,Economic
417,잠만 자도    만원    만명 몰린  이색 알바  뭐길래,Economic
418,택배사 택배기사노조 직접 교섭  분수령    일  심 선고,Economic
419, 쓰론앤리버티 게임 드라마틱한 반등 어려워  엔씨소프트 목표가 ,Economic
420,시몬스  시급    만원  겨울잠 알바 에  만명 몰렸다,Economic
421,자율주행 전기차 애플카 출시 또 지연   빨라야     년 ,Economic
422,우진엔텍  상장 첫날  따따블  직행,Economic
423, 분기 만에 적자탈출  분기 영업익     억 기록한   디스플레이,Economic
424,지금은 부동산  수요대책 이 필요합니다  더 머니이스트 심형석의 부동산정석 ,Economic
425,이닉스  공모주 청약  일차 마감    균등 배정 주식수는 ,Economic
426,농심 신라면      년 사상 최대 매출  조    억원 달성,Economic
427,코스피  외국인 기관 매도   장 초반     선 약보합 출발,Economic
428,넷플릭스  가입자   억    만명 돌파  마감 후    ,Economic
429,우진엔텍  코스닥 상장 첫날  따따블  핫스탁 ,Economic
430,설 차례상 비용  또 역대 최고치 전통시장  비교적 저렴 ,Economic
431,  분기 어닝 쇼크 예상  증권가 목표가 줄하향,Economic
432,메리츠     이노  영억접자 예상    온 실적 부진 영향 ,Economic
433, 세계인 인생 울렸다  농심 신라면  매출  년 연속  조 돌파  사상 최대 ,Economic
434,코스피  희비 엇갈린 뉴욕증시에 하락 출발     선,Economic
435, 현대건설  올해 잠시 숨고르기 기수주 프로젝트에 집중 ,Economic
436,애널리스트의 소신  엔씨소프트  전략 다 바꿔라 ,Economic
437, 이건 사야 해   억 대박 터졌다  슬램덩크  출판사의 변신  이미경의 옹기중기 ,Economic
438,한양증권  파인엠텍  올해 폴더블 힌지에  차전지 부품 매출 확장 등 모멘텀   ,Economic
439,문체부  영종도 인스파이어 외국인 카지노 허가    년 만에 신규,Economic
440,한투운용 금현물      최근  년 원자재     개인순매수  위,Economic
441,   증시 따라잡자  금융당국이 내놓을 계획 알고보니,Economic
442,학생은 누가 가르치나 반도체 전문 교수도 없어 반도체인재  각국도생   ,Economic
443,억울한 오뚜기  중기부 장관 상대 행정소송,Economic
444,지난해 동학개미가 꽂힌 원자재    는          금현물       투자    ,Economic
445,간만에 찜질방 갔는데 이게 무슨 일  연료값 급등에 이용료  헉 ,Economic
446,리모델링파    재건축파 붙은  이 단지       후폭풍에 갈등 폭발,Economic
447, 인터뷰   워킹맘    비대위원 장서정  저출생 대책  혜택 줄게 낳아라 식은 안돼 ,Economic
448,금리 내릴 거라는데  왜 이러지   올 집값 더 떨어진다  한은 주택가격전망  개월째 하락,Economic
449, 공유 이효리 등 빅모델 없었는데  위  소비자 뽑은   월 광고는,Economic
450,작년 상장사 자사주 소각     증가 자사주 취득     억 셀트리온 최대,Economic
451,  증권  넷마블 투자의견    분기 실적 시장 기대치 밑돌 것 ,Economic
452,투자규모 상위   가 누리는 폐지 혜택  금투세 악법만은 아니다,Economic
453,예비합격자도 외면하는 반도체학과 인재양성 뒤처진   반도체인재  각국도생   ,Economic
454,삼성 반도체 메가 클러스터 호재로  용인 에버랜드역 칸타빌  눈길,Economic
455, 영상   지난해      오른 그레이스케일       비트코인 관련주 중 가장 매력적 ,Economic
456,성능 범용성 둘다 잡았다 삼성전자  소비자용     신제품 출시,Economic
457, 앉아서  억 번다    억 아파트가 반값   로또 줍줍  나왔다,Economic
458,경쟁률 상위 독식   세권  아파트의 이유 있는 흥행 가도,Economic
459,    년 부동산 시장 전망  초고령화 시대  시니어 주택 부각 ,Economic
460,메리츠    이노베이션 목표가   자회사   온 수익성 부진 ,Economic
461,  일 낮기온 영상권 회복 동해안 건조  산불조심  내일날씨 ,Economic
462,롯데 계열사 상품 최대     할인 롯데온   월간 롯데  시작,Economic
463,새마을금고 여신 최대폭 감소 저축은행 대출도   년 만에 줄어,Economic
464,하이투자  현대건설  추가 주가 하락 제한적 우발채무 통제 가능 수준 ,Economic
465,집값 더 떨어지나     부실 우려에 주택가격전망  개월 연속 하락,Economic
466,롯데관광개발   분기보다     년을 보라 유안타,Economic
467,금리인하 기대 속 장점으로 무장한  군산 레이크시티 아이파크  주목,Economic
468,전 세계서  초에   개 팔린 농심  신라면   매출 역대 최대치,Economic
469,포스코     후추위  오늘 회장  차 후보군 압축,Economic
470,미래   네오위즈  일시적인 신작 공백기  목표가    하향 ,Economic
471,비나텍  사상 최고 연 매출 기록 예상    ,Economic
472, 대표 나스닥지수      인기몰이    순자산     억 넘었다,Economic
473,         분기 호실적 전망 고객사 다변화 긍정적  한화,Economic
474,새 외국인 카지노   년 만에 문 연다 문체부  인스파이어 운영 허가,Economic
475,삼성증권    현대일렉트릭  분기 어닝 서프라이즈    목표가 상향,Economic
476,영화발전기금 고갈 위기에 넷플릭스 티빙에 부담금 물리나,Economic
477,한화투자증권    아이이테크놀로지  분기 영업익 컨센서스 상회 ,Economic
478,설 앞두고 사과값     폭등 정부  수급 대책 마련 ,Economic
479, 중국 게임 규제 취소 낙관 일러 국내 업체 영향 제한적 ,Economic
480,올해 설 차례상 비용  역대 최고  전통시장 기준   만 원,Economic
481,현대건설  적은 우발채무에    리스크 없어 한투,Economic
482,미래에셋   현대건설  마진율 개선이 관건  목표가     하향 ,Economic
483,신한투자증권  현대건설  수익성 회복 지연 목표가       ,Economic
484,파인엠텍  올해  차전지 부품 외장힌지 매출 발생 기대  한양,Economic
485,올해      번 타자 출격 우진엔텍  따따블 홈런  칠까  이슈 전략 ,Economic
486,  디스플레이   분기만에  흑자  성공   영업이익     억,Economic
487,  국민은행  작년  금융권 소비자 관심도   위  신한은행  위,Economic
488,    하우스 분석  남양유업 볼트온 투자 포문 연  한앤코   결실의 해 맞을까  넘버스 ,Economic
489,넷마블  많은 신작 출시에도 떨어지는 흥행 지속성   ,Economic
490,서민 대출창구 거의 셧다운 새마을금고 여신  최대폭  감소 머니뭐니 ,Economic
491,정비사업 표준계약서 건설사  공사비 현실화 긍정 평가     조합  현실성 의문 ,Economic
492, 엔비디아 과매수 심각   차익실현 나서야 ,Economic
493,홍익표 만난 김기문  중대재해법 유예를 극적통과 기대 ,Economic
494, 속보  적자행진 멈췄다      디스플레이     년  분기 흑자전환,Economic
495,부동산    대수술 자기자본 최소     추진,Economic
496,연초부터 뜨거운   랠리 장밋빛 전망 언제까지 ,Economic
497,작년에만     만명이 찾았다   롯데월드타워 몰  역대 최다  방문,Economic
498, 홋카이도 명물  푸딩   편의점     서 두달새   만개 넘게 팔려,Economic
499,부동산 겹악재에 실적  빨간불  금융당국  증권사     만난다  이슈 전략 ,Economic
500, 양현석은    억원어치 주식을 언제 샀을까  공시룰도 모르는   ,Economic
501,메리츠     이노  올해도 수익성 부진 장기화 목표가  ,Economic
502,잠실 롯데월드타워 몰에 작년     만명 찾았다  최다 방문객 기록 ,Economic
503,금리 인하 재평가 구간 속       물가지표 대기모드 채권브리핑 ,Economic
504,        영업익     억원 올리며 흑자전환    실적 개선 총력 ,Economic
505,미래에셋  엔씨소프트  실적 모멘텀 부족 목표가 투자의견  ,Economic
506,문체부  영종도 인스파이어 외국인 카지노 허가   년 만에 신규,Economic
507,신한투자증권  풍산  방산 부문 성장 지속 목표가     ,Economic
508,삼성     현대일렉트릭 목표주가  일 만에 추가 상향    만원 ,Economic
509,     스튜디오드래곤   분기 어닝쇼크 예상 목표가     ,Economic
510,스튜디오드래곤     어닝 쇼크 시간이 필요한 회복   ,Economic
511, 그 아파트엔 뭐가 있길래   년도 안 돼  억원 뛰었다,Economic
512,서랍서 뒹구는  이것   요즘 없어서 못 판다고  전세계 중고폰 인기 왜,Economic
513,인도서 난리나더니 결국 삼성  갤럭시     제대로 일냈다,Economic
514, 편리미엄 트렌드 타고     청소  설거지  빨래 대신하는   대 가사 해방 가전   오늘의집서 급성장,Economic
515,  디스플레이  분기 영업이익  천   억원  분기만에 흑자 전환 종합 ,Economic
516,  홍익표 만난 김기문  중처법 유예 요청 극적 통과 기대 ,Economic
517, 차전지  움직일 포스코그룹 실적   분기만 떼어보면  신인규의 이슈레이더 ,Economic
518, 비전 프로  흥행 돌풍에 견제하는  넷플   올라타는  디즈니  ,Economic
519, 어제장 오늘장  반도체 호재 지속  코스피는 꽁꽁 시장 반전 열쇠는 ,Economic
520, 금리인하 지연에 달러화 반등 환율     원 후반대로 상승 외환브리핑 ,Economic
521,코스맥스  국내외 글로벌 브랜드사 채택 이어지는 중 현대차,Economic
522,고부가      비중 늘었다      흑자 전환 성공 상보 ,Economic
523,    가 되레 악재였을까   억 간다던 비트코인  왜 자꾸 흘러내릴까   투자    ,Economic
524,    빙 엣지     빅테크규제법서 제외키로 가닥 ,Economic
525,  이노베이션   현재 주가 저평가 상태 아냐  목표가  메리츠,Economic
526,한화투자     아이이테크놀로지   분기 컨센서스 상회 전망 ,Economic
527,양현석    억 들여 자사주 샀는데   엔터 주가 결과는 ,Economic
528, 호재  맞이할 비트코인  벚꽃 피면 상승세 찾아오나   녹취록 ,Economic
529,강남 구 재건축도  유찰   건설업계 싸늘한 입찰전,Economic
530,텍사스 인스트루먼트  신중한 전망으로 반도체 어닝시즌 개막,Economic
531,노후 공원이 공세권 아파트로  변신  비결은 ,Economic
532,스튜디오드래곤     어닝 쇼크 전망 목표가    만  만   ,Economic
533,풍산  방산 부분 성장세 이어갈 것 목표가  신한,Economic
534, 내 몸 누일 곳이 없다   야 너두   서울 주택보급률 최악이라는데,Economic
535,비트코인   만달러 붕괴 현물     승인 후     급락,Economic
536,   증시부양 위해    조원 쏟는다  월가  아마추어들이 뭘 하나       년 악몽   한상춘의 지금세계는 ,Economic
537, 삼성전자 다 팔고 엔비디아 올인  작년 제일 잘 한일  배 넘게 번 나를 칭찬   투자    ,Economic
538,  억 넘는 아파트를  억 천에  인생 가장 잘한 투자 ,Economic
539,키움증권  엔씨소프트  전략 원점서 재검토 필요 목표가     하향 ,Economic
540, 클릭  종목  풍산  수출 지역 다변화 긍정적 목표가   ,Economic
541, 년 후 물가전망   개월 만에 최저  집값 더 떨어질 것 ,Economic
542, 뉴스새벽배송 실적이 가른 희비        사흘째 최고치,Economic
543,알리바바 급등한 이유 천만주 판다던 마윈     억 상당 매입,Economic
544,뉴욕증시  최고치 경신 이후 혼조세 다우      ,Economic
545, 굿모닝 마켓   과탐욕 직전  뉴욕증시 상승 잔치 진짜 이유는 ,Economic
546,  이노    온 수익성 부진 장기화 목표가      메리츠,Economic
547, 굿모닝 증시 코스피 상승 출발 전망  증시 움직임 예의주시,Economic
548,  분증시  뉴욕증시  차익실현 압박 속 혼조 다우         ,Economic
549,설 차례상 비용 시장   만원 마트   만원 역대 최고치,Economic
550,일본은 홀렸다  다음은 아중동  뷰티 기술력 입증한 코스맥스,Economic
551, 한국전력 실적  바닥 찍고 반등하고 있어 투자의견  매수     ,Economic
552,현대건설     기대치 하회했지만 올해 영업익 증가 전망 한투,Economic
553,위메이드  올해부터 수익성 개선 본격화 목표주가    만원 미래,Economic
554,  도발  전쟁 염두 아냐 금융시장 불확실성 우려 과도 ,Economic
555,     조원 증시부양에도   홍콩    대폭 손실 불가피,Economic
556,다시 돌아온 반도체    의 시대    훈풍 타고 고공행진  글로벌     트렌드 ,Economic
557,봄바람 불면 내 집 마련 열차 떠난다  영통역자이 프라시엘  계약 순항 예고,Economic
558,  반도체     국가전략기술됐다    투자때  공제 최대   ,Economic
559,지난해 상장사 자사주 소각규모      셀트리온 자사주 취득 최대,Economic
560, 슈퍼갑  된    전문가  연봉  억은 예삿일 ,Economic
561, 통신비 할인액     억원 돌려 달라  카드사들  통신사에 소송,Economic
562, 비싸도 너무 비싸  오픈    왜 반도체 직접 만들려 할까 ,Economic
563,얼굴에 점 찍고 돌아온 중고신인들 삼성 전략제품  신의 한수  될까,Economic
564,보랏빛 컬리   년 만에 첫  월간 흑자  찍었다 상장 재추진 기대감 커져,Economic
565,중국은 팔고 떠나고    일본은 사고 벌고   분 브리프 ,Economic
566,   부실에 몸살  엠캐피탈      억 자산유동화 추진,Economic
567, 냉탕열탕 부동산  신도시  교통 해방일지  언제쯤 ,Economic
568,비트코인      만원대로 주저앉아  일주일만에    급락,Economic
569, 필요할 땐 오라더니 내줄 돈은 없다   춤추는   정책변수에 현대차그룹  혜택 밀리나      플러스 ,Economic
570,  가스  점점 늘어나는 배당 목표주가   만원 하나,Economic
571, 삼성전자 러시아 공장  현지업체 임대 가능성 ,Economic
572, 마케팅비책  사춘기 소녀 감성 사로잡은 옷  엄마도 만족해요 ,Economic
573, 뉴욕증시           최고가 갈아치웠다  엔비디아     달러 눈앞,Economic
574, 엘앤에프 코스피로 이전 에코프로 형제  최대 수혜  ,Economic
575, 손안의 등골 브레이커   차라리 저렴한 중고폰 쓸래,Economic
576,    공동주택용지 분양대금 연체액    조 돌파,Economic
577,  억 성수 트리마제    억에 줍줍 김지훈  인생 최고 투자 ,Economic
578,국내 상장사  지난해 자사주    조원 소각 신한지주 현대차 최대,Economic
579, 주주 위해 불 태웠다  작년 상장사 자사주 소각     증가  투자    ,Economic
580, 부진한   증시에   랠리 편승 어려운 상황 ,Economic
581,가격 부담에 뉴욕 증시 혼조세,Economic
582, 반도체 가격상승세 지속 삼성전자   하이닉스 영업이익   조  ,Economic
583,롯데케미칼  목표주가     만   만    ,Economic
584,새마을금고 여신 최대폭 감소  외환위기 이후 처음,Economic
585, 관 출신 안돼     금융  은행장 출신 회장 후보 경합할까,Economic
586, 손 대면 안 될 정도  가짜 명품 검사해 보니  발암 물질  나와,Economic
587,마트 시장 가면 한숨만  푹푹  설 차례상 비용 따져보니,Economic
588, 글로벌 리치   채권왕  빌 그로스  증시 최고치 경신 말 안 돼 ,Economic
589, 뉴스 돋보기  손 맞잡은 윤석열 한동훈 갈등 봉합 수순,Economic
590,삼성     가 해외에 첨단 반도체 생산기지  결국 믿을 건  안방  뿐  김민지의 칩만사  ,Economic
591,뉴욕증시  기업실적 부진에 혼조 마감            출근전 꼭 글로벌브리핑 ,Economic
592,넷플릭스 가입자    억명 돌파   시간외    급등,Economic
593,  플랫폼 추격에 마트 새벽배송까지 이커머스  샌드위치 신세,Economic
594, 시대가 어느 시댄데  적금 트렌드 달라졌다  한달 적금  흥행몰이,Economic
595, 거래중단 처분  오뚜기 면사랑  중기부 장관 행정소송 걸어,Economic
596,주담대 갈아탈때도 이자 소득공제 세법시행령 이렇게 바뀐다,Economic
597,올해만      억 손실 홍콩     피해  눈덩이 ,Economic
598,장마가 길어지면 재건축 분담금은 폭등합니다  더 머니이스트 최원철의 미래집 ,Economic
599, 이 자리에 월세     만원 말이 됩니까  대기업도 짐 쌌다  현장  ,Economic
600,   증시 어둡다  중학개미들 한 달 만에     억 원 뺐다,Economic
601,주택 용지  벌떼 분양  받더니 토지대금 연체  비상등  켜진 건설사들,Economic
602,월가   트럼프  기  시나리오 주판알  재정적자 채권 발작 우려 ,Economic
603,씨티  올해 말         까지 상승    상저하고 전망  뉴욕마감 ,Economic
604, 트렌딩 핫스톡  넷플릭스 내년부터     생중계 계약 규모   억달러,Economic
605, 글로벌 마켓  뉴욕증시  실적장세 본격화 최고가 경신 부담에 혼조,Economic
606, 굿모닝경제  중처법 확대 시행       중기는 하소연 논의는 공전,Economic
607,마트 시장 가면 한숨만  푹푹  설 차례상 비용 따져보니,Economic
608, 아파트 지어줄 시공사 어디 없나요  유찰 이어지는 정비사업장  집슐랭 ,Economic
609, 인터뷰    디자이너 브랜드 성공방정식은  물건수 줄이고 꾸준히 팔아라 ,Economic
610, 거버넌스워치 서울가스   증권발 폭락 직전 내다 판  촌조카들  누구 ,Economic
611, 시장  트럼프  기 재정위기 간과하고 있다 ,Economic
612,한화 김동관  사장 때 부회장보다     더 받았다,Economic
613,미 일 증시 훨훨 나는데 코리아 디스카운트 여전  한강로 경제브리핑 ,Economic
614,한화  성과 없어도  개월 재직 땐     보상 사실상 주식 고정급,Economic
615,     년  기 부가세 확정신고   확인 안했다간 낭패 달라진 세법은,Economic
616, 어디까지 오르나       다우지수         연일 최고치 경신,Economic
617,탁보그룹  중국 휴머노이드 로봇 산업 육성 수혜주  돈 되는 해외 주식 ,Economic
618,오뚜기  매형 기업과 거래중단 위기  중기부 상대 소송,Economic
619,방문규 김완섭 노형욱 안도걸 총선 앞으로 기재 산업부     금배지  노린다,Economic
620, 박진영이 쏘아올린 공  양현석        억  통큰 매수  효과 있을까,Economic
621,은행 대출 규제 피해 보험사로 약관 신용대출   조 눈앞,Economic
622,  년 적자 못 버티고  국내 코인거래소 코빗  두번째 희망퇴직,Economic
623,이자 쏠쏠하네 새해 은행권 알짜 특판 상품 살펴보니,Economic
624,홍콩     첫 상장폐지 개미 저가매수 증가  우려 ,Economic
625,제약 바이오  훈풍에 투심 쏠린  삼바     실적 발표 주목  이코노  인공 ,Economic
626, 역대 최다  작년 롯데월드타워 몰     만명이 찾았다,Economic
627, 금리 맛집  소문난 인뱅  주담대 확장세에 시중은행도  긴장 ,Economic
628,실적 환율 금리   중고    지정학적 리스크까지  증시 역주행  ,Economic
629,   억년에  초 오차    원자시계   한국형 위성항법시스템 뜬다,Economic
630,전세가는 어쩌다   만원 단위까지 거래되고 있을까 ,Economic
631,뉴욕증시         사흘 내리 사상최고   다우는 하락,Economic
632, 차전지      대 하락  예삿일  올해 주가 반등 쉽지 않다 ,Economic
633,뉴욕증시  차익실현 압박 속 혼조 다우      마감,Economic
634,반도체 스마트폰  위 내준 삼성 사법 리스크 넘을까,Economic
635,    이어 양현석도 자사주 매입 엔터주 바닥 신호일까,Economic
636,정몽규 회장의 재계 상승 꿈      실패 이어 사고로 휘청,Economic
637,피벗 파티 끝나고 실적에 따라 엇갈린 뉴욕증시 월스트리트   ,Economic
638, 르포    년 된 롯데리아마저 폐점   젊음의 거리 였던 신촌  텅 빈 거리로,Economic
639, 뉴욕증시 기업실적 소화하며 혼조 마감 다우만 하락세,Economic
640,홍콩      코인     어떻게 오늘 김주현 이복현 간담회,Economic
641,  증시도 이끄는  반도체         빅테크  실적 시즌 시작에 촉각,Economic
642, 홍콩  지수  악몽 현실로  미래에셋 삼성  항셍테크         곤두박질,Economic
643,     순위 다툼 치열  올해  위 경쟁 뜨거워진다,Economic
644,전기차 시장 가파른 둔화세에 배터리업계  한파   내실 다지기 ,Economic
645, 기로의상장사 스피어파워  옵티머스 횡령  스킨앤스킨 전 경영진 합류,Economic
646, 수익성 개선   커머스 업계       기지개 ,Economic
647,믿을 곳은  반도체  반도체에 돈 몰린다,Economic
648,비트코인 하락의 끝은    월만 기다린다   글로벌 뉴스픽 ,Economic
649,건설 경기 시들한데 한수원     억 고리원전 입찰제한 논란,Economic
650,이부진 입은 투피스  하루만에 판매량     배  뛰었다,Economic
651,유가 소폭 하락 리비아 생산 재개  미국 북극한파 후퇴 종합 ,Economic
652, 공사비 대결  삼성  포스코 승자는 ,Economic
653,  억대 아파트  분양권    억에 샀다 는 김지훈 비결 들어보니  이슈  풀어주리 ,Economic
654, 트럼프 시즌     반도체엔 시련 미 중 사이 새우등 신세 ,Economic
655,시장금리 하락에  파킹통장 도 매력 뚝,Economic
656, 중국에 당했대  주가 와르르 기술유출  쉬쉬  하는 이유,Economic
657, 교통시대  호선연장 중재안 내놨지만  영  서지 않는 대광위,Economic
658, 청년빈곤시대   상위      금수저  청년 평균 자산   억 육박     는  난 빈곤층 ,Economic
659,유럽 부동산 펀드 괴롭히는 또 다른 요인  환헤지     디폴트 트리거될 수도,Economic
660, 인터뷰  천재 개발자들이 만든  전자차트계의 테슬라     의사와 환자 더 가까워질 것 ,Economic
661, 에드몬슨식  딱지에서  코레일톡  앱까지 한국철도 승차권    년 ,Economic
662, 삼성전자로    반도체 주문 늘어난다  빠른 시제품이 경쟁력,Economic
663,  건설 동남아로 간다    대중교통  빈약한 마닐라에  남북철도  뚫는 현대건설    건설 떠난 자리 메웠다 ,Economic
664,올해 들어 매일 내리다 딱 하루  찔끔 반등 한   이노베이션    앞으로도 만만찮다,Economic
665,아파트 사고 후 지속된 인사 쇄신     현대산업개발 혼란,Economic
666,     교체기 에만 목소리 내는 국민연금  박상영의 기업본색 ,Economic
667,작년 상장사 자사주 소각규모      자사주 취득 셀트리온 최대,Economic
668,세입자에게 더 추운 겨울 집도 세탁기처럼 에너지등급 보고 고른다면 올앳부동산 ,Economic
669,얼어붙은  금융권 대출 새마을금고 여신 최대폭 감소,Economic
670, 갈아탈 대출이 없네  저축은행 중도상환수수료  반토막 ,Economic
671,탑승객 적어도 돈 잘 버네      틈새 파고든 에어프레미아,Economic
672,부도  공사중단  미분양에 공매까지 벼랑 끝 건설업계,Economic
673,   반도체 경쟁력     하이닉스  분기  흑전  기대감,Economic
674,메디톡스     에  휴젤 영업비밀도용  혐의 제외 신청 왜 ,Economic
675, 조원대 소송예고 공개매수 촉구 연초부터 불붙은  행동주의 펀드 ,Economic
676, 삼바  키운 정책이  삼바  옥죈다 부지 못 잡는  송도 터줏대감 ,Economic
677,월세가 아반떼 한 대값 그들만의  초고가 월세  리그,Economic
678, 여보  옆집 윗집 다 바꿨다는데 우리는      조원 몰린  환승대출 ,Economic
679, 재건축 하고 싶지만  내홍 겪는 리모델링 조합,Economic
680,금융위  스트레스     도입 속도 낸다  주담대 한도      뚝 ,Economic
681,전자업계  오늘   일 부터 실적 발표  혹한기 지속 전망,Economic
682, 수소경제 의 신호탄  암모니아 운반선  조선  사 앞다퉈 수주,Economic
683,평당  억    만원  포제스 한강  이번 주 분양 흥행할까,Economic
684,초단기     찾는 기업들  랩 신탁 대신 뭉칫돈 몰린다,Economic
685, 잭팟 인 줄 알았는데    억 날린대도  손절 이 최선이었다 위기의 건설업 ,Economic
686, 실수요 자금 대비   교보생명  신용대출한도 최대     만원으로,Economic
687,희비 엇갈린 은행 보험 온라인 플랫폼  수수료가 관건 ,Economic
688,승부수 띄운 넷플릭스 프로레슬링 중계권에  조원 투입,Economic
689,집값 내리는데 분양가는 왜 이래 서울도  청약 미달  행진,Economic
690,부실시공으로 무너지면  적극 보상   안 무너지면  외면 ,Economic
691,슬금슬금 다시 오르는 주담대 고정금리,Economic
692, 호화 출장  포스코 후추위  갖은 논란에도  마이웨이 ,Economic
693,   자영업자 종노릇  비판에도 우리은행  개인사업자   대 이자장사  최고 ,Economic
694, 증시부양 패키지  쏟아낸   항셍지수 급반등,Economic
695, 치솟았던 집값 다 토해내  일산 집주인들  악  소리 부릿지 ,Economic
696, 조원 대 소송까지  사장 선출 앞두고 혼돈의     ,Economic
697, 지배구조 바꿔라        시끌 ,Economic
698,훨훨 나는   맥 못추는       증시  희비 ,Economic
699,지방  준공 후 미분양  종부세 중과 배제 기준 보니,Economic
700,    원  갓성비  세종청사 식당에 찬바람 왜  관가 블로그 ,Economic
701,비서로  집사로 진화한     인간처럼 추론하는        도 온다     블랙홀 시대 인간다움을 묻다 ,Economic
702,   가 곧 인간의 지능 넘을 것          시대까지 갈 길 멀어      블랙홀 시대 인간다움을 묻다 ,Economic
703,세 자녀 이상 가구   개소세 감면 확대,Economic
704,    대책에도 짙어진 관망세 매매도 전세도  꽁꽁 ,Economic
705,경쟁하듯 대중교통 지원책 통합까지 넘어갈 산은 ,Economic
706, 재난 리스크에 투자 캣본드 투자  지금이 적기 ,Economic
707,  하이닉스   개 분기 연속 적자에서  흑자전환  성공할까,Economic
708,    농협 회장선거   년 만에 직선제  강 구도 격돌,Economic
709,한달은 일쑤   년씩 공백 방치   고치고도 위원  명 동시교체 가능성,Economic
710,연봉  억  년 임기보장  금통위원   익명 에 숨어선 안돼,Economic
711, 줍줍  물량 계속 나오지만  시세보다 비싸다  외면  ,Economic
712, 올해는 다릅니다    게임주  실적 반등에 주가도 오를까,Economic
713,올해 강남 구 분양 쏟아져 절반은  후분양 인 이유,Economic
714,   년 인연 끊으라니    오뚜기  면사랑과 거래중단 처분 부당  행정소송,Economic
715,중국 공세에  적과의 동침    삼성  에   패널 쓴다,Economic
716, 서울 옆 동네  새 아파트가 반값   억 로또  줍줍  어디 ,Economic
717, 단독 이재용    명 사장단 불러 튼 영상엔  아이폰보다 아쉽다 ,Economic
718,강남점도 닫는다   저축은행   년 만에 적자  점포 다이어트 ,Economic
719,항셍지수도 급반등했는데 코스피만  꽁꽁  속 터지는 개미들,Economic
720,사모펀드 임원진이 한달간 자사주  억어치 사들인 사연 마켓인 ,Economic
721, 이코노미스트       월  금리 인하 전망 ,Economic
722, 매물    개 거래는  건  새 집도 입주 비상     다시 아파트 거래절벽,Economic
723, 노보 릴리 딱 기다려  제약사들  다이어트약 개발경쟁 불붙었다,Economic
724, 호화 이사회  포스코후추위의 직진 오늘  차 회장 후보군 압축,Economic
725,조합이 불붙인 수주경쟁 무이자에 안마의자 등장,Economic
726,펄펄 나는   벌벌 기는    시총 격차  경까지 벌어졌다,Economic
727, 억원 이하 주담대 이자 소득공제 해준다,Economic
728,    손실 투자자들  은행이 내 등에 칼 꽂았다  절규,Economic
729,은행 주담대보다 비싸진 특례보금자리론     조  환승 시작 ,Economic
730, 죽은 동생의 남편이 상속 재산을 요구해요   법률 전문가 조언은 ,Economic
731, 조선 올해 먹거리는 암모니아 운반선 ,Economic
732,첫 삽도 못 뜨고 공사 중단  끝나지 않은  새마을금고    리스크 ,Economic
733,전기차가        사막  죽음의 경주 서  등했다니,Economic
734, 전기차  종 입맛대로   현대차 기아  테슬라 맹추격,Economic
735,홍콩이 인도에 추월당했다    차이나런에       조원 푼다 ,Economic
736,인구 줄어도  인 가구 폭증  서울 살 집이 부족하다,Economic
737,주택연금 소득공제 대상   억에서   억으로 확대,Economic
738, 인구가 없으면 무슨 힘이 생기겠습니까 ,Economic
739, 년 만에 바뀐 생명표     종신보험은  월 이후  연금은  월 전 ,Economic
740, 제  중동붐  타고  현지항공사들  인천 운항횟수 늘린다,Economic
741,주담대  인터넷은행으로 갈아타도 이자상환액 소득공제,Economic
742,건화  사우디 절반 상하수도 설계    추가수주 기대,Economic
743, 수은법 지연에 폴란드   조 무기수출 날릴판  정부 기업 호소,Economic
744,조합 시공사  공사비 갈등  정조준  정부  표준공사 계약서 도입,Economic
745,  서  농민 대통령  나오나 송영조 강호동 등  강 구도,Economic
746,회의 한 번에    만원       회 골프   황제 사외이사 ,Economic
747,  년만에 직선제   통령  선거   하루 수백통씩 전화 돌려 ,Economic
748,   무장한      질주   증시 연일 최고치,Economic
749,비트코인      출범 뒤     넘게 폭락    만    달러가 지지선,Economic
750, 위 탈환 노리는  갤럭시        삼성 애플     경쟁  본격화,Economic
751,뉴욕증시  차익실현 압박 속에 혼조세로 출발,Economic
752,  억 성수 트리마제  최고의 투자  김지훈    억 일단 질렀다,Economic
753,숨고르는 뉴욕증시  빅테크 실적 앞두고 장초반 혼조세,Economic
754, 팩트체크    때문에 애플에 반도체 수출 못한다  진실은 ,Economic
755,중국의 흑연 통제  전기차 성장 둔화 배터리 업계  먹구름 ,Economic
756,증권사 오너    세  연이은 지분 확대 경영 승계 시동거나,Economic
757,증류식 소주 재도전하는 롯데칠성음료   대장부  실패 극복할까    초점 ,Economic
758,농협중앙회장 투표       농통령  누가 될까 ,Economic
759, 불허  현물      재검토 가닥  업계  서둘러야 ,Economic
760, 선물    는 가능  거래 어떻게 ,Economic
761,아이 셋  다둥이 아빠  자녀와 따로 살아도  개소세 면제해준다,Economic
762,수도권 지방 잇는  레일 르네상스    초광역 연결  등 공신,Economic
763,유나이티드발 훈풍에 항공주 일제히 급등,Economic
764,  모건  비트코인    정서 반전  코인베이스  비중축소  강등,Economic
765, 광우병 시위  기업가가 그런 거에 굴하겠냐  한파 뚫고 돌아온   ,Economic
766, 혁신적인 기술  미국서도 러브콜     억 잭팟 터진 회사,Economic
767,서문시장  지구 재건축 산 넘어 산,Economic
768,요즘 뜨는 인스파이어 가보니 확 트인 시야  콘서트 핫플  되겠네  현장  ,Economic
769,재무상태표에 안 보이는  우발부채  안전 투자하려면 반드시 확인해야 박동흠의 생활 속 회계이야기 ,Economic
770,신재생에너지 따라 국산 해저케이블 쭉쭉 뻗는다,Economic
771,경제 연착륙 기대감 미 증시 역대 최고치,Economic
772,다시 원전 확대 추세 치솟는 우라늄 가격,Economic
773, 단독   한글 잘 모르는데  은행  외국인에게도 홍콩     팔았다,Economic
774, 총액 만 맞으면 됐던 정비사업 공사비  이젠 세부 내역도 밝혀야,Economic
775, 중국 응원해보기는 처음이네  긴급수혈에 홍콩 지수 간신히 반등,Economic
776,배달 왜 늦나 했더니 배달기사 확보 경쟁에 자영업자 소비자만  골탕 ,Economic
777, 데일리안 오늘뉴스 종합  한동훈  폴더인사 에   어깨  툭  귀경 땐 함께 전용열차로  이재명  이언주에 복당 권유    진지하게 고민하겠다    조합    시공사 갈등 막는다   표준계약서로 공사비 책정 투명화,Economic
778,   억 성수동 아파트     억에 주웠다  김지훈이 밝힌 비결은,Economic
779,너도나도  억대 연봉  받던 곳이 인력 칼바람에  술렁 ,Economic
780, 위대한  인  이끄는  증시 묶여있는     조 풀리면  친 증시 된다,Economic
781,    초과 고도제한 위반 김포아파트 재시공,Economic
782,특정 암세포만 공격  차세대 항암제     개발 경쟁 치열,Economic
783,사고 부르는 도로 살얼음   결빙도로 안전 수칙은 ,Economic
784,    에 올리기 딱이다    명 중  명이  팝업스토어  방문 경험,Economic
785,또 재건축만 규제 완화  매력  뚝  리모델링 주민들도 돌아선다,Economic
786,펀드매니저     이 뽑은 상반기 포트폴리오는   차전지 호불호  극명  삼성전자는 없다,Economic
787,넷플릭스 실적  가입자와 암호공유 단속 효과가 초점,Economic
788,인공지능 열풍에       유럽 내 시가총액  위로 도약,Economic
789,  억 넘는 성수 트리마제 김지훈     억 주고 샀다  저가매입 배경은,Economic
790,한미약품그룹 통합 반대 가처분  내달  일 첫 법원 심문 종합 ,Economic
791,상업용 부동산 빙하기  천세대 강남 아파트 상가도  텅텅 ,Economic
792,정부 상대로 소송 제기한 오뚜기  왜 ,Economic
793,삼성 차기작 엑시노스       꿈의 칩  기대,Economic
794,추락하는 중국 증시 빠진 돈 움직이자 훈풍  우리는 왜,Economic
795,현물     승인되고     빠졌다 비트코인  만    달러 붕괴,Economic
796, 중국     조원 증시부양자금 고려  보도로 중국주식 반등,Economic
797,인간을 닮아가는     인간을 뛰어넘나  표정 감각 분석은 어려운 기술 ,Economic
798,  조원 폭탄 임박 홍콩 지수 피해 눈덩이,Economic
799, 홍콩     손실 아우성   투자자 책임원칙 고려      원금보전해야 ,Economic
800, 채권단 실사  시작됐지만  임금  밀리고  공사  멈추고,Economic
801, 악성미분양에 장사없다  신축 아파트 결국 통째로 공매 ,Economic
802,양재생  상공계 화합  내세워 도전장 현직의 벽 넘을까,Economic
803,곳곳 조합 시공사 공사비 분쟁  표준계약서로 막겠다 ,Economic
804,서울 주택보급률   년 만에 최저 아파트 용지 연체에 미래 공급도 휘청,Economic
805,중국과  세트메뉴 취급  코스피 인도 일본에만 글로벌자금 몰린다,Economic
806, 만달러 무너진 비트코인 일주일간  만개 내다판  여기  탓이라는데,Economic
807,    가 정기예금 대체상품이라더니    안전성  간판 두른    서민에 사기쳤다 ,Economic
808, 공모주 단골 청약 매매 보고 누락  금감원 거래소 직원 무더기 제재,Economic
809, 소도 잃고  외양간도 못 고쳐   은행     판매 중단해야 ,Economic
810,부진한 어닝 시즌   대 실적 호전 빅테크 기업은  오미주 ,Economic
811,철강시황 부진속 포스코홀딩스 작년 영업익  조 천억원      종합 ,Economic
812,서문시장  지구 재건축 산 넘어 산,Economic
813,한전 직원들 부글부글 임금 반납해서 희망퇴직금 마련 ,Economic
814,홍콩 지수      년     급락  전 저점 근접   대규모 손실 불가피,Economic
815,차익 실현에  비트코인  만달러 붕괴,Economic
816,중앙공원  지구 후분양  선분양  관건은 ,Economic
817, 억원 이하 주택 주담대 이자 소득 공제해준다 산후조리원 공제 급여 요건도 삭제,Economic
818,반도체 뜨고 배터리 주춤      주가 총액  년 만에 시총  위 되찾아,Economic
819, 차전지 소재 철강 사업 부진에 포스코그룹 수익성  뚝  인터는 날개,Economic
820,오뚜기 면사랑  중기부 상대 행정소송 제기,Economic
821,  시대 오자  동학개미 삼전 하이닉스  서학개미는    베팅,Economic
822,임기만료 코앞인데  회장 뽑는 포스코 사외이사들  요지부동 ,Economic
823,실적 하락      주주 배당 확대 약속 지킬까,Economic
824, 홍콩     손실 아우성  손실 눈덩이 홍콩       은행창구서 치매 노인에도 팔았다 ,Economic
825,부동산   로 난리인데  현대건설  해외수주덕 영업익     억,Economic
826,증시도 중국 대신 인도    사상 첫 글로벌 증시 시총  위 등극,Economic
827, 희망퇴직 위해 임금 반납하라  이 회사 직원들  부글부글 ,Economic
828,연봉  천만원 넘어도  산후조리원 공제  자동차 개소세도 깎아준다,Economic
829,삼성   하이닉스 만나는  챗      샘 알트만 무슨 얘기 나눌까 이정주의 질문 ,Economic
830, 대 금융  화재 피해 서천시장 상인들에 금융 지원,Economic
831,상의 역동성 살릴 경쟁은 환영  과열은 우려,Economic
832,금융권  충남 서천특화시장 화재 피해 상인 긴급 지원,Economic
833,주가 하락 원인이 상속세  경제학 뒤집은 모순들  마켓톡톡 ,Economic
834, 정반대로 베팅해 물렸다      억 굴리던 헤지펀드  자존심도 와르르,Economic
835, 단독   불법 리딩방 꼼짝마    잠입 조사  늘리는 금감원,Economic
836,테슬라      자동차 업체도 하소연하는 이 법 왜 ,Economic
837, 비전프로 생성형    변곡점 맞은 메타버스  부활 노린다  메타버스의 명암  하  ,Economic
838,애 울음소리 절반  뚝   그런데도 유아용품 소비   조    배나 늘어     낳아 기를 여건이 돼야 ,Economic
839,경기 꺾인      나홀로 추락,Economic
840,연초부터 천장 뚫는 뉴욕증시     대장주      날개 달았다,Economic
841,주담대 소득공제 대상  억  소득 상관없이 산후조리비 공제  세법개정 후속 시행령 개정안 ,Economic
842,단통법 폐지엔 완전자급제 도입  단말기 유통 새판짜기  각양각색 ,Economic
843, 비상금대출이 사라졌다  천덕꾸러기 된 소액대출,Economic
844,제네시스  해외 비중     돌파  글로벌 명품  입지 다졌다,Economic
845,석유화학 끝모를 불황 터널    탈석화 가 실적희비 가를듯,Economic
846,태영   사업장   곳 구조조정 돌입  죄수의 딜레마  시작됐다,Economic
847,미 일 증시 천장 뚫는데   국내 주식은 하는 게 아니다  ,Economic
848,    열풍에  다우 첫      선 돌파,Economic
849,황금알 낳던 사업이 순식간에 고금리 쇼크로  폭망 ,Economic
850,홍해 리스크로 컨선 운임 급등  해운  위  머스크  부진 탈출하나,Economic
851,자사주 매입        엔터주에 볕들까,Economic
852,주담대 갈아타도 이자 소득공제 해준다 대상은 ,Economic
853,합성형    비중    로 늘었다는데 파킹형 상품 빼면   대 오히려 줄어,Economic
854,수입차 왕좌는 누구   시리즈와  클래스 한판승부,Economic
855,증권사도 스팩 상장준비 분주    이달 예비심사 청구  개,Economic
856, 마켓인    급도 흥행했는데 간신히 회사채 발행액 채운       ,Economic
857, 통영 굴 맥주  출시 임박   다랑어포 맥주   빵 맥주 도 나온다,Economic
858,호텔 화장품 화학  추락  차이나 리스크  언제까지,Economic
859,올해도    시장 활황  대어들 재도전 분위기,Economic
860,한미사이언스 통합 반대 가처분  내달  일 첫 심문,Economic
861,주담대 갈아타기로 이자 줄어도  대출 한도 증액 못한다,Economic
862,김포공항 면세점 입찰 후보에 롯데 신라 선정  관세청 심사로 최종 결론,Economic
863, 줬다 뺏나   대형마트 의무휴업 폐지 에 뿔난 소상공인,Economic
864,부동산   위험노출액        책준 확약에 위기 가중   부동산 아토즈 ,Economic
865,아르헨티나에  차전지 밸류체인 구축       역량 올인   해외건설  르네상스 ,Economic
866,   위기에     택지 팔고 못 받은 돈  눈덩이 ,Economic
867,거래량 받쳐주는 곳 어디  송파 헬리오시티  위,Economic
868, 연두색 번호판  달아야 법인차 비용처리 다자녀 차 개소세 면세 확대,Economic
869,다주택 양도세 중과배제  년 더 결혼 출산해도 청년도약계좌 비과세  세법시행령 ,Economic
870, 반세권  평택 브레인시티      가구 나온다,Economic
871,집값 하락에 사전청약 무용론 사업취소  도미노  우려,Economic
872,전기차 수요둔화 강타 포스코퓨처엠 작년 영업이익       ,Economic
873, 집 계약하면     만원 드립니다  미분양에  초강수  뒀다,Economic
874, 월  만원대 교통비  기후동행카드  반나절 만에  만    장 팔렸다,Economic
875,사전청약 당첨 기쁨도 잠시 내집 마련이  희망 고문 ,Economic
876,전액 무이자부터 고가 안마의자까지  공사비 갈등 무색한 파격 경쟁,Economic
877,개미 울리는 전환사채  불공정거래 뿌리뽑는다,Economic
878,다급한    개미 달래기     조 투입  역대급 증시 부양 ,Economic
879, 미국 국적  배우 마동석 개런티도 세액공제 대상  자녀 셋 같이 안 살아도  개소세 면제,Economic
880,삼성     상폐 미래에셋     청산 홍콩   파생상품 줄줄이 손실,Economic
881, 글 못 읽는 노모 가입시켰다  국회서 울분 토한 홍콩     투자자들  가봤어요 ,Economic
882,천장 뚫은 다우  맥 못추는 코스피  엇갈린 행보            증시  엇갈린 행보  ,Economic
883, 줬다 뺏나   대형마트 의무휴업 폐지 에 뿔난 소상공인,Economic
884,  억 잠원 아파트도 당근 할게요  복비 아끼자  직거래 급증,Economic
885,삼성바이오로직스 직원 절반 이상  괴롭힘 성희롱 당했다   강홍민의 끝까지 간다 ,Economic
886, 단독      토요 사장단 회의    년 만에 부활,Economic
887,신한운용   위로 껑충    시장 지각변동,Economic
888,      근로자 없인 공장 못 돌린다      집단 패닉 ,Economic
889,김포공항 면세점 입찰 롯데 신라  파전 압축 신세계 현대   고배 ,Economic
890,  주식 싫다  거절에도 회유하더니      투자자들  울분 ,Economic
891,   가 기업체질 바꿨다   영업익  배 증가,Economic
892, 재건축  리모델링       대책으로 현장  대혼란 ,Economic
893,잃어버린   년 되돌리는 일본   월 금리 인상 힘 실리나,Economic
894,  반도체 투자땐  혜택 삼성전자 하이닉스 시장공략 힘보탠다,Economic
895,지금 안들면 손해   쏟아지는 한정판 보험,Economic
896,  이 이끄는  증시 엔저 덕보는  증시   연일 최고치 활활,Economic
897,이복현 금감원도  사후약방문  선례 있는데도     사태 못 막은 이유는,Economic
898, 단독  우량 부동산   신규자금 찬성한 대주단에 인센티브 준다,Economic
899,완전 자회사 편입하나 미래에셋운용  생명지분   만주 추가 매입,Economic
900,이리 뒤척  저리 뒤척 잠 못 자는 한국인   꿀잠 에 돈 얼마나 쓰나,Economic
901, 단독      변액보험 도 첫 손실났다  보험사 관리 책임 물 수도 ,Economic
902,채상욱       대책   공짜 재건축  환상 속  억 조합장만 양산 ,Economic
903,티맥스그룹  티맥스소프트 재인수 추진  조 확보  관건 ,Economic
904,금융지주 올 영구채 첫 타자 신한 수요예측  배 몰려,Economic
905,   전환가     넘게 내릴 때  주총 승인  의무화,Economic
906, 내가 죽으면 아들이    억을 어찌 마련할지 막막합니다 ,Economic
907,이번엔 일낸다 삼성 엑시노스 재출격,Economic
908, 상속가업 업종변경 자유롭게    상속세 개편은  속도조절 ,Economic
909,대출 의존도 낮춰 연쇄부실 차단  공급절벽 대책 병행해야 ,Economic
910, 주담대  이자부담 내리고 다주택자 양도세 중과 유예,Economic
911, 삼성    중 누구 손 잡을까     챗    아버지 올트먼 방한,Economic
912,은행 대출 조이기  풍선효과  보험사 약관 신용대출 급증,Economic
913,    사태 놀란 은행  원금보장 상품 확대 ,Economic
914,중학개미  더는 못참아  올 들어     억 뺐다,Economic
915, 주 연장한     인수 협상    대 변수는,Economic
916, 주담대 금리      나 낮췄어요   환승  잡으려 금리인하 경쟁,Economic
917,   흑연 없다    수출 통제에 전기차 둔화까지  배터리주에 시련,Economic
918, 보험 비교 추천 서비스  보기는 편한데  그래서 보험료 싼 곳은 어디  ,Economic
919,    기업인 위기극복 능력 믿는다 ,Economic
920,   년 인연 단칼에 끊으라니   오뚜기  정부에 소송 건 사연,Economic
921,하림     인수 걸림돌 된  경영 주도권   변수 커졌다 ,Economic
922, 종이가 사양산업이라고  친환경 물결에 책장 넘기는 중   이사람 ,Economic
923,연일 맥 못추는 비트코인   일만에  만달러 밑으로,Economic
924,   세에게  지수     권유   은행서 위험 성향 조작   쏟아진 성토,Economic
925,동학개미 울리는 전환사채 발행 공시  고무줄 전환가액 손본다,Economic
926,역대급 랠리 개미들   반도체     너는 나의 봄 ,Economic
927,너도나도      무슨 일   슬기로운 금융생활 ,Economic
928,엇갈리는     증시 미 증시 시총  중화권보다   경  ,Economic
929, 관광객  이탈리아서 인종차별 폭행 당해  외교부   미온적 대응  주장 사실 아냐 ,Economic
930,스트레스    도입 눈앞  변동형  고정형 유불리 달라요 ,Economic
931,    는 착시    합성    가 퇴보하는 이유,Economic
932, 상장 철회  대어들 돌아올까   공모금액  조 몰린다,Economic
933,두자릿수 수익률에 거래도 북적   부럽네  일본 반도체     ,Economic
934,연초부터 대기줄 길다   스팩 상장준비  북적 ,Economic
935,단통법 폐지에 시장 술렁  단말기 가격 내려갈까 ,Economic
936, 인민개미  살리기 나선 중국       조 증시부양 추진   마켓플러스 ,Economic
937, 애플 비전프로 잘 팔리네  메타버스 부활 신호탄되나,Economic
938,하나   금융  충남 서천시장 화재 피해 상인에 대출 지원,Economic
939, 생생플러스  여야 저출산 대책 총정리   효과  위는  억 주고 출산시 탕감,Economic
940, 유통법 개정 안되면 지자체라도   새벽배송  공들이는 마트,Economic
941,짝퉁 지뢰밭된  직구   삼성 이어폰 카카오 키링까지,Economic
942,   넥스원의 무인수상정      출격 중동  방산 한류  노린다,Economic
943,머나먼 내집 마련   서울 주택보급률   년만에 최저,Economic
944,대형마트 의무휴업일 규제 폐지되나   이마트  쿠팡과  진검승부  펼친다,Economic
945,짝퉁 귀걸이 털자  발암물질  범벅 기준치    배 넘어,Economic
946,석화업계 불황에   화학 실적 위축 신산업   조 투자로 기지개 켤까,Economic
947, 주담대 갈아타기 도 이자 소득공제 집값 기준  억  억으로 올려,Economic
948,전기차 둔화에 포스코퓨처엠  작년 영업이익  분의  로 감소,Economic
949,미래 기술 리더된   기업들  보안  핵심가치 부상,Economic
950,아시아나  밀린 기내식 대금    억 지급 확정 항소 포기,Economic
951,     후폭풍 대치  응봉대림  리모델링 파열음,Economic
952,착공 후라도 물가변동 반영   조합 시공사 공사비 분쟁 예방 ,Economic
953,전기차 보조금 개편에 국내 중소업체  비상   존폐 위기 ,Economic
954,월배당     질주  순자산  조 첫 돌파,Economic
955, 억 소리  고가 자동차  지난해 최다 판매 기록 썼다,Economic
956,     억 부천 땅 매각 확정 아냐  태영건설 공시,Economic
957,주담대 고정금리 다시 뛴다    금리 인하 기대감 선반영 탓 ,Economic
958, 오픈     샘 올트먼 방한   협력 소식에 반도체   들썩  핫종목 ,Economic
959,포스코퓨처엠 작년 영업이익        전기차 수요둔화 여파 종합 보 ,Economic
960, 자기자본     로  부동산   대수술,Economic
961,마트보다 식당 맥주값 더 올랐다   년 만에 최고 수준,Economic
962, 마켓인 만기 비우량채   조 상환 어쩌나 기업들 조달 놓고 고심,Economic
963,캄스퀘어안산데이터센터    구조 고도화 대행계약 체결 자본금 증자 및 본   시동,Economic
964, 연봉  억에도 구인 어려워  몸값 치솟는    전문가,Economic
965, 남들 오를 때 왜 안 올라  코스피  미워도 다시한번 왜 ,Economic
966,보잉    맥스  날개 꺾인 유나이티드항공   분기 손실 ,Economic
967,롯데건설     조 펀드로 유동성 숨통 텄지만   ,Economic
968,전기차 불황에 포스코퓨처엠 이익  뚝  인터는  조 돌파,Economic
969,  의 거짓  흥행 네오위즈  후속작 없어 주가 반등 힘겹네,Economic
970,아파트도 살만해야  살맛 도 나지 요즘 뜨는  완성형 도시  알아보니,Economic
971,미 중 증시 온도차 한국 증시   냉탕 중화권  따라가나,Economic
972,이복현  부실   빨리 정리  재차 경고 후순위 채권단 동의 관건,Economic
973, 반나절 만에 동났다    서울 대중교통 정기권 첫날 인기 몰이,Economic
974,대형마트  새벽배송  족쇄 풀리나 무한경쟁 앞둔  이마롯쿠 ,Economic
975,대형마트  새벽배송 은  커머스 지도를 바꿀수 있을까,Economic
976,포스코퓨처엠도  어닝쇼크  지난해  분기 영업손실,Economic
977,곳곳서 터지는 공사비 갈등에  국토부   표준계약서  도입한다,Economic
